"MethodName","Zone","Period","Time"
"averageARIMA","zone.4","period 1",7.0205960273742
"averageARIMA","zone.1","period 1",7.5912315845489
"averageARIMA","zone.2","period 1",7.777709960937
"averageARIMA","zone.7","period 1",7.7900884151458
"averageARIMA","zone.3","period 1",7.9225883483886
"averageARIMA","zone.5","period 1",7.938012599945
"averageARIMA","zone.8","period 1",7.8874096870422
"averageARIMA","zone.6","period 1",7.9772708415985
"averageARIMA","zone.4","period 2",4.8071880340576
"averageARIMA","zone.5","period 2",5.0300800800323
"averageARIMA","zone.3","period 2",6.5946164131164
"averageARIMA","zone.7","period 2",6.699672460556
"averageARIMA","zone.2","period 2",7.010287046432
"averageARIMA","zone.6","period 2",6.8385519981384
"averageARIMA","zone.8","period 2",8.0970959663391
"averageARIMA","zone.5","period 3",4.4975001811981
"averageARIMA","zone.8","period 3",4.1201064586639
"averageARIMA","zone.3","period 3",5.939929485321
"averageARIMA","zone.7","period 3",6.1255049705505
"averageARIMA","zone.2","period 3",6.1296513080596
"averageARIMA","zone.6","period 3",6.2639734745025
"averageARIMA","zone.5","period 4",6.2748615741729
"averageARIMA","zone.8","period 4",4.5169913768768
"averageARIMA","zone.3","period 4",5.5236403942108
"averageARIMA","zone.7","period 4",5.5663232803344
"averageARIMA","zone.2","period 4",5.7144322395324
"averageARIMA","zone.6","period 4",5.567927122116
"averageARIMA","zone.4","period 3",16.6334695816
"averageARIMA","zone.16","period 1",4.860883235931
"averageARIMA","zone.11","period 1",5.0764691829681
"averageARIMA","zone.14","period 1",5.0649383068084
"averageARIMA","zone.15","period 1",6.1170144081115
"averageARIMA","zone.4","period 4",4.949245929718
"averageARIMA","zone.13","period 1",9.8717994689941
"averageARIMA","zone.11","period 2",3.9443914890289
"averageARIMA","zone.14","period 2",4.0959458351135
"averageARIMA","zone.16","period 2",7.1052241325378
"averageARIMA","zone.12","period 1",4.176878452301
"averageARIMA","zone.13","period 2",4.2087693214416
"averageARIMA","zone.15","period 2",6.3486368656158
"averageARIMA","zone.11","period 3",4.2046964168548
"averageARIMA","zone.1","period 2",32.39032196998
"averageARIMA","zone.14","period 3",4.260008573532
"averageARIMA","zone.10","period 1",15.314716339111
"averageARIMA","zone.11","period 4",4.5685107707977
"averageARIMA","zone.12","period 2",6.4552969932556
"averageARIMA","zone.15","period 3",5.4406116008758
"averageARIMA","zone.16","period 3",8.266185760498
"averageARIMA","zone.14","period 4",5.9681570529937
"averageARIMA","zone.10","period 2",4.336214780807
"averageARIMA","zone.1","period 3",7.9024724960327
"averageARIMA","zone.13","period 3",10.39464282989
"averageARIMA","zone.12","period 3",4.6178932189941
"averageARIMA","zone.15","period 4",5.0244486331939
"averageARIMA","zone.10","period 3",4.4032380580902
"averageARIMA","zone.16","period 4",5.853150606155
"averageARIMA","zone.13","period 4",4.0651772022247
"averageARIMA","zone.10","period 4",3.6956734657287
"averageARIMA","zone.12","period 4",5.9958086013793
"averageARIMA","zone.1","period 4",8.2328262329101
"averageARIMA","zone.18","period 1",3.0605542659759
"averageARIMA","zone.20","period 1",4.7973825931549
"averageARIMA","zone.9","period 1",5.137265920639
"averageARIMA","zone.18","period 2",4.4080412387847
"averageARIMA","zone.20","period 2",4.2408900260925
"averageARIMA","zone.9","period 2",3.3715879917144
"averageARIMA","zone.18","period 3",3.6916055679321
"averageARIMA","zone.9","period 3",2.7800598144531
"averageARIMA","zone.19","period 1",23.628995418548
"averageARIMA","zone.20","period 3",3.8154695034027
"averageARIMA","zone.18","period 4",4.3902139663696
"averageARIMA","zone.9","period 4",4.3901417255401
"averageARIMA","zone.20","period 4",4.5499773025512
"averageARIMA","zone.19","period 2",4.7331342697143
"averageARIMA","zone.19","period 3",3.3458824157714
"averageARIMA","zone.17","period 1",4.8560435771942
"averageARIMA","zone.19","period 4",3.7415747642517
"averageARIMA","zone.17","period 2",2.7730906009674
"averageARIMA","zone.17","period 3",4.0011093616485
"averageARIMA","zone.17","period 4",4.4082534313201
"OriginalDSHW","zone.1","period 1",72.658637285232
"OriginalDSHW","zone.6","period 1",80.638325691223
"OriginalDSHW","zone.3","period 1",89.993876218795
"OriginalDSHW","zone.4","period 1",90.42592000961
"OriginalDSHW","zone.7","period 1",90.510088920593
"OriginalDSHW","zone.2","period 1",91.11959028244
"OriginalDSHW","zone.8","period 1",92.288523674011
"OriginalDSHW","zone.5","period 1",156.33474183082
"OriginalDSHW","zone.3","period 2",80.23468255996
"OriginalDSHW","zone.7","period 2",80.946875572204
"OriginalDSHW","zone.2","period 2",80.929236173629
"OriginalDSHW","zone.1","period 2",101.85996913909
"OriginalDSHW","zone.6","period 2",101.12781715393
"OriginalDSHW","zone.8","period 2",132.7781777381
"OriginalDSHW","zone.4","period 2",139.79539585113
"OriginalDSHW","zone.5","period 2",75.419371604919
"OriginalDSHW","zone.3","period 3",93.36133480072
"OriginalDSHW","zone.7","period 3",94.086149454116
"OriginalDSHW","zone.2","period 3",93.882596731185
"OriginalDSHW","zone.6","period 3",86.433688163757
"OriginalDSHW","zone.1","period 3",106.36222457885
"OriginalDSHW","zone.4","period 3",106.68198394775
"OriginalDSHW","zone.5","period 3",106.09478449821
"OriginalDSHW","zone.2","period 4",112.97993636131
"OriginalDSHW","zone.3","period 4",131.67264080047
"OriginalDSHW","zone.7","period 4",132.46717405319
"OriginalDSHW","zone.8","period 3",174.46397876739
"OriginalDSHW","zone.5","period 4",100.85226273536
"OriginalDSHW","zone.6","period 4",176.47374606132
"OriginalDSHW","zone.10","period 1",73.946315050125
"OriginalDSHW","zone.4","period 4",118.07440590858
"OriginalDSHW","zone.1","period 4",177.42171001434
"OriginalDSHW","zone.8","period 4",91.686321735382
"OriginalDSHW","zone.15","period 1",108.3874151706
"OriginalDSHW","zone.11","period 1",115.39890670776
"OriginalDSHW","zone.13","period 1",77.358333349227
"OriginalDSHW","zone.12","period 1",92.805357456207
"OriginalDSHW","zone.9","period 1",105.2110214233
"OriginalDSHW","zone.16","period 1",91.926682710647
"OriginalDSHW","zone.15","period 2",78.113253355026
"OriginalDSHW","zone.10","period 2",136.47411394119
"OriginalDSHW","zone.14","period 1",151.70726418495
"OriginalDSHW","zone.11","period 2",91.936298370361
"OriginalDSHW","zone.13","period 2",89.596130132675
"OriginalDSHW","zone.12","period 2",80.742319822311
"OriginalDSHW","zone.9","period 2",82.083702564239
"OriginalDSHW","zone.16","period 2",77.43695735931
"OriginalDSHW","zone.10","period 3",73.883465290069
"OriginalDSHW","zone.14","period 2",77.998504400253
"OriginalDSHW","zone.15","period 3",93.464455366134
"OriginalDSHW","zone.11","period 3",84.356323957443
"OriginalDSHW","zone.12","period 3",77.882365942001
"OriginalDSHW","zone.13","period 3",136.80262947082
"OriginalDSHW","zone.16","period 3",87.11831665039
"OriginalDSHW","zone.10","period 4",112.91069006919
"OriginalDSHW","zone.11","period 4",93.3362224102
"OriginalDSHW","zone.15","period 4",102.56748890876
"OriginalDSHW","zone.14","period 3",115.96729779243
"OriginalDSHW","zone.13","period 4",85.912720918655
"OriginalDSHW","zone.12","period 4",130.49873876571
"OriginalDSHW","zone.16","period 4",98.374905109405
"OriginalDSHW","zone.17","period 1",95.921630382537
"OriginalDSHW","zone.18","period 1",104.99082684516
"OriginalDSHW","zone.20","period 1",52.504139661788
"OriginalDSHW","zone.19","period 1",116.77736282348
"OriginalDSHW","zone.14","period 4",118.11948084831
"OriginalDSHW","zone.18","period 2",56.19234585762
"OriginalDSHW","zone.19","period 2",62.135657072067
"OriginalDSHW","zone.20","period 2",74.510874986648
"OriginalDSHW","zone.17","period 2",138.04069256782
"OriginalDSHW","zone.18","period 3",73.823186635971
"OriginalDSHW","zone.20","period 3",58.421458005905
"OriginalDSHW","zone.19","period 3",89.320306539535
"OriginalDSHW","zone.17","period 3",56.734495162963
"OriginalDSHW","zone.20","period 4",71.083474874496
"OriginalDSHW","zone.17","period 4",55.201663017272
"OriginalDSHW","zone.19","period 4",71.915549516677
"OriginalDSHW","zone.18","period 4",114.20893502235
"ModifiedDSHW","zone.8","period 1",104.6995639801
"ModifiedDSHW","zone.5","period 1",116.99443030357
"ModifiedDSHW","zone.1","period 1",123.3770017623
"ModifiedDSHW","zone.2","period 1",151.48999905586
"ModifiedDSHW","zone.3","period 1",151.70786809921
"ModifiedDSHW","zone.7","period 1",151.99620652198
"ModifiedDSHW","zone.6","period 1",181.47548627853
"ModifiedDSHW","zone.4","period 1",203.57205057144
"ModifiedDSHW","zone.8","period 2",155.52980685234
"ModifiedDSHW","zone.5","period 2",188.18120360374
"ModifiedDSHW","zone.1","period 2",182.56581616401
"ModifiedDSHW","zone.6","period 2",136.60026097297
"ModifiedDSHW","zone.3","period 2",228.69651126861
"ModifiedDSHW","zone.2","period 2",229.07512855529
"ModifiedDSHW","zone.7","period 2",229.18200159072
"ModifiedDSHW","zone.5","period 3",108.3375313282
"ModifiedDSHW","zone.8","period 3",168.86814498901
"ModifiedDSHW","zone.4","period 2",269.04056644439
"ModifiedDSHW","zone.6","period 3",174.12998390197
"ModifiedDSHW","zone.1","period 3",200.61740565
"ModifiedDSHW","zone.3","period 3",145.44862389564
"ModifiedDSHW","zone.2","period 3",145.63377046585
"ModifiedDSHW","zone.7","period 3",145.69410800933
"ModifiedDSHW","zone.5","period 4",199.75038528442
"ModifiedDSHW","zone.8","period 4",238.86065411567
"ModifiedDSHW","zone.6","period 4",189.29850792884
"ModifiedDSHW","zone.1","period 4",247.24387955665
"ModifiedDSHW","zone.13","period 1",155.66270685195
"ModifiedDSHW","zone.16","period 1",136.89863300323
"ModifiedDSHW","zone.14","period 1",131.34696292877
"ModifiedDSHW","zone.3","period 4",361.96346378326
"ModifiedDSHW","zone.7","period 4",362.14568543434
"ModifiedDSHW","zone.4","period 3",423.76843357086
"ModifiedDSHW","zone.2","period 4",376.66719341278
"ModifiedDSHW","zone.16","period 2",101.10981512069
"ModifiedDSHW","zone.9","period 1",153.13586068153
"ModifiedDSHW","zone.13","period 2",152.43971419334
"ModifiedDSHW","zone.14","period 2",157.8007745742
"ModifiedDSHW","zone.15","period 1",85.255802869796
"ModifiedDSHW","zone.11","period 1",97.919982910156
"ModifiedDSHW","zone.10","period 1",125.26113271713
"ModifiedDSHW","zone.13","period 3",140.1517393589
"ModifiedDSHW","zone.16","period 3",158.76564550399
"ModifiedDSHW","zone.9","period 2",177.12434554
"ModifiedDSHW","zone.4","period 4",224.86641645431
"ModifiedDSHW","zone.13","period 4",130.27182531356
"ModifiedDSHW","zone.11","period 2",216.30817532539
"ModifiedDSHW","zone.14","period 3",251.0006570816
"ModifiedDSHW","zone.16","period 4",179.58732700347
"ModifiedDSHW","zone.10","period 2",227.08854103088
"ModifiedDSHW","zone.12","period 1",140.71761918067
"ModifiedDSHW","zone.15","period 2",297.75817465782
"ModifiedDSHW","zone.17","period 1",118.09148335456
"ModifiedDSHW","zone.15","period 3",79.835400342941
"ModifiedDSHW","zone.10","period 3",108.43069553375
"ModifiedDSHW","zone.14","period 4",142.7521173954
"ModifiedDSHW","zone.17","period 2",86.351555347442
"ModifiedDSHW","zone.12","period 2",125.48636388778
"ModifiedDSHW","zone.11","period 3",220.36619162559
"ModifiedDSHW","zone.10","period 4",111.83384156227
"ModifiedDSHW","zone.15","period 4",126.12744569778
"ModifiedDSHW","zone.17","period 3",123.65717101097
"ModifiedDSHW","zone.12","period 3",131.26206159591
"ModifiedDSHW","zone.11","period 4",101.42210531234
"ModifiedDSHW","zone.18","period 1",78.965503215789
"ModifiedDSHW","zone.17","period 4",106.96917533874
"ModifiedDSHW","zone.12","period 4",107.62117147445
"ModifiedDSHW","zone.19","period 1",103.42622947692
"ModifiedDSHW","zone.18","period 2",118.63072872161
"ModifiedDSHW","zone.18","period 3",69.130095958709
"ModifiedDSHW","zone.20","period 1",136.6663277149
"ModifiedDSHW","zone.19","period 2",154.1592988967
"ModifiedDSHW","zone.18","period 4",87.4546351432
"ModifiedDSHW","zone.20","period 2",178.9090857505
"ModifiedDSHW","zone.19","period 3",286.34750604629
"ModifiedDSHW","zone.20","period 3",173.56481003761
"ModifiedDSHW","zone.19","period 4",107.06895756721
"ModifiedDSHW","zone.20","period 4",148.85666036605
"semiParametric","zone.8","period 1",68.184902667999
"semiParametric","zone.1","period 1",96.580785751342
"semiParametric","zone.7","period 1",101.31819891929
"semiParametric","zone.2","period 1",108.02397036552
"semiParametric","zone.6","period 1",109.6656820774
"semiParametric","zone.3","period 1",124.52691555023
"semiParametric","zone.4","period 1",124.92083096504
"semiParametric","zone.8","period 2",106.30715775489
"semiParametric","zone.7","period 2",82.877517938613
"semiParametric","zone.2","period 2",83.050429105758
"semiParametric","zone.6","period 2",99.208673238754
"semiParametric","zone.3","period 2",89.508064270019
"semiParametric","zone.4","period 2",92.073899984359
"semiParametric","zone.5","period 1",230.92525815963
"semiParametric","zone.1","period 2",138.7615263462
"semiParametric","zone.8","period 3",94.469823598861
"semiParametric","zone.7","period 3",86.713750123977
"semiParametric","zone.2","period 3",86.507143020629
"semiParametric","zone.4","period 3",72.217993974685
"semiParametric","zone.6","period 3",81.456615209579
"semiParametric","zone.3","period 3",84.378089904785
"semiParametric","zone.1","period 3",117.9771060943
"semiParametric","zone.4","period 4",70.344183444976
"semiParametric","zone.8","period 4",100.95798516273
"semiParametric","zone.5","period 2",163.0565919876
"semiParametric","zone.2","period 4",120.24325871467
"semiParametric","zone.7","period 4",131.1677002906
"semiParametric","zone.6","period 4",115.63836932182
"semiParametric","zone.12","period 1",71.042380094528
"semiParametric","zone.1","period 4",116.13229489326
"semiParametric","zone.3","period 4",180.52407956123
"semiParametric","zone.15","period 1",79.3539249897
"semiParametric","zone.10","period 1",88.22697520256
"semiParametric","zone.12","period 2",79.214857578277
"semiParametric","zone.11","period 1",68.798132181167
"semiParametric","zone.9","period 1",79.863715410232
"semiParametric","zone.15","period 2",75.101621866226
"semiParametric","zone.14","period 1",160.6108443737
"semiParametric","zone.5","period 3",189.3855743408
"semiParametric","zone.10","period 2",91.778761148452
"semiParametric","zone.12","period 3",83.588736772537
"semiParametric","zone.16","period 1",229.5270037651
"semiParametric","zone.11","period 2",75.669442415237
"semiParametric","zone.9","period 2",75.92998433113
"semiParametric","zone.15","period 3",83.626973628997
"semiParametric","zone.10","period 3",101.95943140983
"semiParametric","zone.12","period 4",92.056041240692
"semiParametric","zone.11","period 3",83.338464260101
"semiParametric","zone.14","period 2",145.80411577224
"semiParametric","zone.5","period 4",143.40460968017
"semiParametric","zone.9","period 3",97.458455085754
"semiParametric","zone.15","period 4",110.96035981178
"semiParametric","zone.10","period 4",89.200170278549
"semiParametric","zone.16","period 2",186.2260210514
"semiParametric","zone.20","period 1",101.6015548706
"semiParametric","zone.11","period 4",89.594674825668
"semiParametric","zone.14","period 3",117.40263485908
"semiParametric","zone.13","period 1",111.6344585418
"semiParametric","zone.9","period 4",122.33329343795
"semiParametric","zone.20","period 2",91.523008346557
"semiParametric","zone.19","period 1",87.492779493331
"semiParametric","zone.13","period 2",85.4323067665
"semiParametric","zone.16","period 3",156.76967406272
"semiParametric","zone.18","period 1",173.3818023204
"semiParametric","zone.20","period 3",67.669742822647
"semiParametric","zone.19","period 2",87.587764501571
"semiParametric","zone.13","period 3",79.630728960037
"semiParametric","zone.17","period 1",162.48809599876
"semiParametric","zone.14","period 4",186.89525365829
"semiParametric","zone.20","period 4",85.42967391014
"semiParametric","zone.13","period 4",56.732637882232
"semiParametric","zone.19","period 3",84.331614017486
"semiParametric","zone.16","period 4",132.76149201393
"semiParametric","zone.18","period 2",159.13310885429
"semiParametric","zone.19","period 4",59.004745006561
"semiParametric","zone.17","period 2",185.54243707656
"semiParametric","zone.17","period 3",104.40851283073
"semiParametric","zone.18","period 3",199.13863945007
"semiParametric","zone.18","period 4",120.67932033538
"semiParametric","zone.17","period 4",140.57318329811
"TBATS","zone.1","period 1",62.444951295852
"TBATS","zone.4","period 1",77.925678014755
"TBATS","zone.8","period 1",83.017407894134
"TBATS","zone.6","period 1",90.633274078369
"TBATS","zone.3","period 1",108.15790700912
"TBATS","zone.7","period 1",108.49588751792
"TBATS","zone.1","period 2",62.916729450225
"TBATS","zone.5","period 1",132.67999696731
"TBATS","zone.2","period 1",149.66355371475
"TBATS","zone.8","period 2",73.358135938644
"TBATS","zone.4","period 2",90.222662210464
"TBATS","zone.6","period 2",78.607539892196
"TBATS","zone.3","period 2",92.994725465774
"TBATS","zone.7","period 2",92.85282588005
"TBATS","zone.8","period 3",84.169065237045
"TBATS","zone.6","period 3",97.48030257225
"TBATS","zone.5","period 2",149.94730472564
"TBATS","zone.1","period 3",161.15984272956
"TBATS","zone.2","period 2",145.50850081443
"TBATS","zone.4","period 3",131.27235364913
"TBATS","zone.6","period 4",63.585095882415
"TBATS","zone.8","period 4",96.910433292388
"TBATS","zone.4","period 4",59.937225341796
"TBATS","zone.14","period 1",46.54081511497
"TBATS","zone.16","period 1",55.394810199737
"TBATS","zone.1","period 4",112.36470293998
"TBATS","zone.5","period 3",142.128938198
"TBATS","zone.3","period 3",279.89532542228
"TBATS","zone.7","period 3",279.95764136314
"TBATS","zone.14","period 2",109.15465998649
"TBATS","zone.2","period 3",212.404105663
"TBATS","zone.14","period 3",40.369853258132
"TBATS","zone.9","period 1",135.36364650726
"TBATS","zone.16","period 2",142.82476282119
"TBATS","zone.3","period 4",62.98750925064
"TBATS","zone.7","period 4",63.104237556457
"TBATS","zone.5","period 4",137.84883189201
"TBATS","zone.12","period 1",205.56998300552
"TBATS","zone.2","period 4",66.233498573303
"TBATS","zone.14","period 4",72.27715229988
"TBATS","zone.15","period 1",55.364808797836
"TBATS","zone.13","period 1",46.718086004257
"TBATS","zone.10","period 1",80.577014923095
"TBATS","zone.12","period 2",106.68976902961
"TBATS","zone.9","period 2",153.25322413444
"TBATS","zone.16","period 3",155.69945096969
"TBATS","zone.15","period 2",98.940452575683
"TBATS","zone.11","period 1",185.6911945343
"TBATS","zone.13","period 2",121.4458847045
"TBATS","zone.10","period 2",106.40858459472
"TBATS","zone.9","period 3",93.291870594024
"TBATS","zone.16","period 4",105.05450677871
"TBATS","zone.13","period 3",67.47671031951
"TBATS","zone.15","period 3",103.0962047576
"TBATS","zone.11","period 2",78.901439428329
"TBATS","zone.9","period 4",40.06965136528
"TBATS","zone.13","period 4",40.321294546127
"TBATS","zone.10","period 3",82.000975608825
"TBATS","zone.12","period 3",178.17034626007
"TBATS","zone.15","period 4",63.092938661575
"TBATS","zone.17","period 1",56.784885644912
"TBATS","zone.10","period 4",46.650456190109
"TBATS","zone.18","period 1",21.66272115707
"TBATS","zone.17","period 2",55.367942333221
"TBATS","zone.11","period 3",149.89587283134
"TBATS","zone.18","period 2",73.574375391006
"TBATS","zone.12","period 4",138.84137678146
"TBATS","zone.17","period 3",95.755777835845
"TBATS","zone.20","period 1",47.803462743759
"TBATS","zone.11","period 4",118.6206960678
"TBATS","zone.18","period 3",98.698778390884
"TBATS","zone.17","period 4",70.516488552093
"TBATS","zone.20","period 2",63.667036294937
"TBATS","zone.19","period 1",31.976227521896
"TBATS","zone.18","period 4",72.392097949981
"TBATS","zone.20","period 3",73.428254842758
"TBATS","zone.19","period 2",74.273647785186
"TBATS","zone.20","period 4",42.071804761886
"TBATS","zone.19","period 3",65.564652204513
"TBATS","zone.19","period 4",32.895696401596
"randomforest","zone.1","period 1",1453.90800285338
"randomforest","zone.1","period 2",1574.80552291864
"randomforest","zone.1","period 3",1627.67279052732
"randomforest","zone.1","period 4",1677.67237854002
"randomforest","zone.10","period 1",1420.30975723265
"randomforest","zone.10","period 2",1594.77916145259
"randomforest","zone.10","period 3",1585.98012351988
"randomforest","zone.10","period 4",1672.88493347166
"randomforest","zone.11","period 1",1552.75704193114
"randomforest","zone.11","period 2",1761.71675109862
"randomforest","zone.11","period 3",1767.87228775023
"randomforest","zone.11","period 4",1879.54352188107
"randomforest","zone.12","period 1",1550.23045539847
"randomforest","zone.12","period 2",1778.50096893309
"randomforest","zone.12","period 3",1767.20350646969
"randomforest","zone.12","period 4",1881.85787010188
"randomforest","zone.13","period 1",1393.62106323241
"randomforest","zone.13","period 2",1560.31786346434
"randomforest","zone.13","period 3",1587.44338035581
"randomforest","zone.13","period 4",1655.11440849302
"randomforest","zone.14","period 1",1411.83441925048
"randomforest","zone.14","period 2",1575.60258483885
"randomforest","zone.14","period 3",1569.70283699032
"randomforest","zone.14","period 4",1647.99230384826
"randomforest","zone.15","period 1",1499.80420875532
"randomforest","zone.15","period 2",1694.51238822932
"randomforest","zone.15","period 3",1689.85192680358
"randomforest","zone.15","period 4",1793.83972167968
"randomforest","zone.16","period 1",1471.2283592224
"randomforest","zone.16","period 2",1616.33897018431
"randomforest","zone.16","period 3",1665.71878051757
"randomforest","zone.16","period 4",1712.19337654112
"randomforest","zone.17","period 1",1425.23754310606
"randomforest","zone.17","period 2",1568.62345886214
"randomforest","zone.17","period 3",1601.97925186156
"randomforest","zone.17","period 4",1644.88850975035
"randomforest","zone.18","period 1",1592.37423133847
"randomforest","zone.18","period 2",1748.56369972227
"randomforest","zone.18","period 3",1792.28291320799
"randomforest","zone.18","period 4",1887.69760513303
"randomforest","zone.19","period 1",1528.08423614496
"randomforest","zone.19","period 2",1709.21730041501
"randomforest","zone.19","period 3",1746.21518898009
"randomforest","zone.19","period 4",1801.85915756223
"randomforest","zone.2","period 1",1619.56726455687
"randomforest","zone.2","period 2",1740.16953659056
"randomforest","zone.2","period 3",1827.6962623596
"randomforest","zone.2","period 4",1877.52249526972
"randomforest","zone.20","period 1",1497.01212120054
"randomforest","zone.20","period 2",1686.32850837698
"randomforest","zone.20","period 3",1725.15820693968
"randomforest","zone.20","period 4",1775.80858993529
"randomforest","zone.3","period 1",1633.54619407627
"randomforest","zone.3","period 2",1786.40907669066
"randomforest","zone.3","period 3",1818.87828254698
"randomforest","zone.3","period 4",1894.25953674311
"randomforest","zone.4","period 1",1042.29188156127
"randomforest","zone.4","period 2",1147.88223457274
"randomforest","zone.4","period 3",1173.60461235045
"randomforest","zone.4","period 4",1236.39739227292
"randomforest","zone.5","period 1",1212.11427307128
"randomforest","zone.5","period 2",1355.02620124813
"randomforest","zone.5","period 3",1367.83462333677
"randomforest","zone.5","period 4",1432.58509826657
"randomforest","zone.6","period 1",1575.7859649658
"randomforest","zone.6","period 2",1742.65127563475
"randomforest","zone.6","period 3",1793.25561523432
"randomforest","zone.6","period 4",1878.53763008115
"randomforest","zone.7","period 1",1548.53106117247
"randomforest","zone.7","period 2",1754.63555717466
"randomforest","zone.7","period 3",1810.46563911437
"randomforest","zone.7","period 4",1856.80985259999
"randomforest","zone.8","period 1",1151.82895660398
"randomforest","zone.8","period 2",1271.54166793822
"randomforest","zone.8","period 3",1308.16923332213
"randomforest","zone.8","period 4",1363.20701980589
"randomforest","zone.9","period 1",1357.31065177915
"randomforest","zone.9","period 2",1464.33890151975
"randomforest","zone.9","period 3",1509.17991256713
"randomforest","zone.9","period 4",1582.84061431884
"averageARIMA","subs.5","period 1",4.4588031768798
"averageARIMA","subs.4","period 1",5.0887804031372
"averageARIMA","subs.1","period 1",5.5012652873992
"averageARIMA","subs.6","period 1",5.8902232646942
"averageARIMA","subs.7","period 1",6.3207423686981
"averageARIMA","subs.3","period 1",6.347443819046
"averageARIMA","subs.2","period 1",8.5305325984954
"averageARIMA","subs.8","period 1",9.7890117168426
"averageARIMA","subs.5","period 2",5.8417789936065
"averageARIMA","subs.1","period 2",4.838809013366
"averageARIMA","subs.7","period 2",4.7828257083892
"averageARIMA","subs.4","period 2",6.0287647247314
"averageARIMA","subs.3","period 2",8.3141305446624
"averageARIMA","subs.6","period 2",9.1812658309936
"averageARIMA","subs.4","period 3",3.9601910114288
"averageARIMA","subs.7","period 3",4.3895726203918
"averageARIMA","subs.5","period 3",5.3039433956146
"averageARIMA","subs.2","period 2",7.2865579128265
"averageARIMA","subs.8","period 2",6.6359982490539
"averageARIMA","subs.1","period 3",6.6505641937255
"averageARIMA","subs.6","period 3",3.68875837326
"averageARIMA","subs.3","period 3",4.1434829235076
"averageARIMA","subs.4","period 4",4.9650175571441
"averageARIMA","subs.7","period 4",5.270379781723
"averageARIMA","subs.5","period 4",5.220855474472
"averageARIMA","subs.8","period 3",5.7373447418212
"averageARIMA","subs.1","period 4",5.668787240982
"averageARIMA","subs.3","period 4",4.6523888111114
"averageARIMA","subs.6","period 4",5.2598867416381
"averageARIMA","subs.12","period 1",4.1106712818145
"averageARIMA","subs.15","period 1",3.8518898487091
"averageARIMA","subs.13","period 1",4.112653732299
"averageARIMA","subs.8","period 4",5.277803659439
"averageARIMA","subs.9","period 1",5.1377961635589
"averageARIMA","subs.12","period 2",4.30956578254
"averageARIMA","subs.11","period 1",5.257127046585
"averageARIMA","subs.13","period 2",4.0405693054199
"averageARIMA","subs.15","period 2",4.4394500255584
"averageARIMA","subs.16","period 1",3.9274425506591
"averageARIMA","subs.9","period 2",3.9948377609252
"averageARIMA","subs.12","period 3",3.9438650608062
"averageARIMA","subs.13","period 3",3.8977599143981
"averageARIMA","subs.11","period 2",4.3785603046417
"averageARIMA","subs.15","period 3",5.7210307121276
"averageARIMA","subs.2","period 3",19.326825141906
"averageARIMA","subs.9","period 3",4.1231598854064
"averageARIMA","subs.11","period 3",5.1818387508392
"averageARIMA","subs.12","period 4",6.4973876476287
"averageARIMA","subs.2","period 4",4.4850296974182
"averageARIMA","subs.13","period 4",6.7446463108062
"averageARIMA","subs.9","period 4",4.9755518436431
"averageARIMA","subs.14","period 1",17.000703573226
"averageARIMA","subs.15","period 4",7.4943833351135
"averageARIMA","subs.11","period 4",4.210818529129
"averageARIMA","subs.20","period 1",4.0306060314178
"averageARIMA","subs.10","period 1",5.3862767219543
"averageARIMA","subs.14","period 2",4.05971288681
"averageARIMA","subs.17","period 1",6.4020051956176
"averageARIMA","subs.16","period 2",16.686979055404
"averageARIMA","subs.20","period 2",5.3725578784942
"averageARIMA","subs.14","period 3",3.5054092407226
"averageARIMA","subs.19","period 1",7.7601795196533
"averageARIMA","subs.16","period 3",3.24986743927
"averageARIMA","subs.17","period 2",4.9772012233734
"averageARIMA","subs.20","period 3",4.0261695384979
"averageARIMA","subs.14","period 4",4.1192338466644
"averageARIMA","subs.10","period 2",8.1432552337646
"averageARIMA","subs.19","period 2",4.2241151332855
"averageARIMA","subs.17","period 3",3.6153542995452
"averageARIMA","subs.10","period 3",3.5385072231292
"averageARIMA","subs.20","period 4",5.289906740188
"averageARIMA","subs.16","period 4",6.5061345100402
"averageARIMA","subs.19","period 3",4.6635253429412
"averageARIMA","subs.10","period 4",2.9884915351867
"averageARIMA","subs.17","period 4",4.0460374355316
"averageARIMA","subs.18","period 1",2.6629362106323
"averageARIMA","subs.19","period 4",4.2308733463287
"averageARIMA","subs.18","period 2",2.8056573867797
"averageARIMA","subs.18","period 3",2.6078464984893
"averageARIMA","subs.18","period 4",3.093623399734
"OriginalDSHW","subs.7","period 1",63.10938668251
"OriginalDSHW","subs.8","period 1",64.68449330329
"OriginalDSHW","subs.3","period 1",72.681399106979
"OriginalDSHW","subs.2","period 1",73.535771608352
"OriginalDSHW","subs.5","period 1",96.5118513107
"OriginalDSHW","subs.4","period 1",98.631526470184
"OriginalDSHW","subs.1","period 1",123.3621430397
"OriginalDSHW","subs.6","period 1",165.58613681793
"OriginalDSHW","subs.3","period 2",98.11472249031
"OriginalDSHW","subs.8","period 2",113.67983484268
"OriginalDSHW","subs.2","period 2",113.87381720542
"OriginalDSHW","subs.5","period 2",98.253470420837
"OriginalDSHW","subs.1","period 2",79.615506649017
"OriginalDSHW","subs.7","period 2",154.89101505279
"OriginalDSHW","subs.4","period 2",151.51683282852
"OriginalDSHW","subs.6","period 2",104.79107618331
"OriginalDSHW","subs.5","period 3",107.8828151226
"OriginalDSHW","subs.3","period 3",138.73784470558
"OriginalDSHW","subs.1","period 3",114.66710782051
"OriginalDSHW","subs.2","period 3",139.81716823577
"OriginalDSHW","subs.4","period 3",80.48939704895
"OriginalDSHW","subs.7","period 3",116.50961279869
"OriginalDSHW","subs.8","period 3",169.44729566574
"OriginalDSHW","subs.3","period 4",81.417496442794
"OriginalDSHW","subs.6","period 3",130.89797091484
"OriginalDSHW","subs.4","period 4",76.136828184127
"OriginalDSHW","subs.5","period 4",106.50827956199
"OriginalDSHW","subs.1","period 4",94.641728162765
"OriginalDSHW","subs.8","period 4",77.329026460647
"OriginalDSHW","subs.6","period 4",73.335958003997
"OriginalDSHW","subs.2","period 4",154.31385850906
"OriginalDSHW","subs.13","period 1",79.500814437866
"OriginalDSHW","subs.7","period 4",158.5294804573
"OriginalDSHW","subs.11","period 1",107.09868884086
"OriginalDSHW","subs.9","period 1",95.048161268234
"OriginalDSHW","subs.16","period 1",93.890298604965
"OriginalDSHW","subs.12","period 1",129.6754674911
"OriginalDSHW","subs.10","period 1",73.072818756103
"OriginalDSHW","subs.14","period 1",107.02351760864
"OriginalDSHW","subs.13","period 2",104.22743344306
"OriginalDSHW","subs.9","period 2",99.575132608413
"OriginalDSHW","subs.10","period 2",81.182826042175
"OriginalDSHW","subs.16","period 2",117.15451717376
"OriginalDSHW","subs.15","period 1",168.43908381462
"OriginalDSHW","subs.14","period 2",84.916062831878
"OriginalDSHW","subs.12","period 2",134.89632725715
"OriginalDSHW","subs.11","period 2",198.9009828567
"OriginalDSHW","subs.13","period 3",109.2569732666
"OriginalDSHW","subs.9","period 3",122.74799418449
"OriginalDSHW","subs.11","period 3",36.088389158248
"OriginalDSHW","subs.15","period 2",98.051138162612
"OriginalDSHW","subs.14","period 3",103.64891791343
"OriginalDSHW","subs.12","period 3",112.38242673873
"OriginalDSHW","subs.13","period 4",88.3618164062
"OriginalDSHW","subs.16","period 3",161.59988713264
"OriginalDSHW","subs.11","period 4",91.844617605209
"OriginalDSHW","subs.14","period 4",77.186332464218
"OriginalDSHW","subs.10","period 3",212.24344229698
"OriginalDSHW","subs.15","period 3",92.260354280471
"OriginalDSHW","subs.9","period 4",123.98192429542
"OriginalDSHW","subs.12","period 4",95.736019611358
"OriginalDSHW","subs.19","period 1",57.077669858932
"OriginalDSHW","subs.16","period 4",95.239100456237
"OriginalDSHW","subs.17","period 1",50.875579118728
"OriginalDSHW","subs.15","period 4",62.148699283599
"OriginalDSHW","subs.10","period 4",66.600162029266
"OriginalDSHW","subs.20","period 1",70.672878503799
"OriginalDSHW","subs.17","period 2",58.720707178115
"OriginalDSHW","subs.19","period 2",88.38650012016
"OriginalDSHW","subs.18","period 1",62.032020568847
"OriginalDSHW","subs.17","period 3",54.381362915039
"OriginalDSHW","subs.20","period 2",86.46036362648
"OriginalDSHW","subs.18","period 2",62.107657670974
"OriginalDSHW","subs.19","period 3",77.682127475738
"OriginalDSHW","subs.17","period 4",68.400573730468
"OriginalDSHW","subs.20","period 3",69.61694788932
"OriginalDSHW","subs.18","period 3",72.703096866607
"OriginalDSHW","subs.19","period 4",78.763792276382
"OriginalDSHW","subs.18","period 4",46.515922546386
"OriginalDSHW","subs.20","period 4",60.486404180526
"ModifiedDSHW","subs.1","period 1",101.59299874305
"ModifiedDSHW","subs.3","period 1",117.55439329147
"ModifiedDSHW","subs.2","period 1",124.5760705471
"ModifiedDSHW","subs.7","period 1",125.1588973999
"ModifiedDSHW","subs.5","period 1",138.99495315551
"ModifiedDSHW","subs.6","period 1",145.27819538116
"ModifiedDSHW","subs.8","period 1",145.531572103
"ModifiedDSHW","subs.4","period 1",213.40704512596
"ModifiedDSHW","subs.3","period 2",127.2583847045
"ModifiedDSHW","subs.8","period 2",114.7323229312
"ModifiedDSHW","subs.7","period 2",154.38960599899
"ModifiedDSHW","subs.5","period 2",140.95670175552
"ModifiedDSHW","subs.4","period 2",92.80376124382
"ModifiedDSHW","subs.6","period 2",187.42042326927
"ModifiedDSHW","subs.1","period 2",245.8532962799
"ModifiedDSHW","subs.3","period 3",108.8071539402
"ModifiedDSHW","subs.2","period 2",255.62942194938
"ModifiedDSHW","subs.8","period 3",147.47816061973
"ModifiedDSHW","subs.6","period 3",88.444318532943
"ModifiedDSHW","subs.7","period 3",153.06574654579
"ModifiedDSHW","subs.1","period 3",132.92422652244
"ModifiedDSHW","subs.3","period 4",146.41729235649
"ModifiedDSHW","subs.4","period 3",199.46843552589
"ModifiedDSHW","subs.5","period 3",250.7492878437
"ModifiedDSHW","subs.2","period 3",170.1708128452
"ModifiedDSHW","subs.7","period 4",142.71570062637
"ModifiedDSHW","subs.11","period 1",88.080150365829
"ModifiedDSHW","subs.2","period 4",116.17923569679
"ModifiedDSHW","subs.5","period 4",143.2295217514
"ModifiedDSHW","subs.4","period 4",177.14958786964
"ModifiedDSHW","subs.6","period 4",279.3016052246
"ModifiedDSHW","subs.1","period 4",236.89190816879
"ModifiedDSHW","subs.11","period 2",157.1531524658
"ModifiedDSHW","subs.8","period 4",358.00573992729
"ModifiedDSHW","subs.13","period 1",125.43526196479
"ModifiedDSHW","subs.15","period 1",241.57786726951
"ModifiedDSHW","subs.14","period 1",126.35985255241
"ModifiedDSHW","subs.12","period 1",152.88379263877
"ModifiedDSHW","subs.9","period 1",132.68653702735
"ModifiedDSHW","subs.13","period 2",95.96682405471
"ModifiedDSHW","subs.15","period 2",101.28562045097
"ModifiedDSHW","subs.11","period 3",205.68904733657
"ModifiedDSHW","subs.10","period 1",287.42670822143
"ModifiedDSHW","subs.12","period 2",119.66986608505
"ModifiedDSHW","subs.14","period 2",136.89634704589
"ModifiedDSHW","subs.9","period 2",147.41853141784
"ModifiedDSHW","subs.16","period 1",255.87783265113
"ModifiedDSHW","subs.15","period 3",112.92671060562
"ModifiedDSHW","subs.14","period 3",98.111744403839
"ModifiedDSHW","subs.13","period 3",177.61873507499
"ModifiedDSHW","subs.12","period 3",142.29192948341
"ModifiedDSHW","subs.11","period 4",161.3528208732
"ModifiedDSHW","subs.9","period 3",169.67656087875
"ModifiedDSHW","subs.10","period 2",234.64037656784
"ModifiedDSHW","subs.15","period 4",166.99500989913
"ModifiedDSHW","subs.16","period 2",178.87765169143
"ModifiedDSHW","subs.19","period 1",99.102894783
"ModifiedDSHW","subs.12","period 4",123.61409640312
"ModifiedDSHW","subs.16","period 3",120.54459714889
"ModifiedDSHW","subs.20","period 1",116.82493257522
"ModifiedDSHW","subs.10","period 3",170.98883008956
"ModifiedDSHW","subs.19","period 2",158.48675918579
"ModifiedDSHW","subs.13","period 4",309.5874023437
"ModifiedDSHW","subs.16","period 4",104.50708460807
"ModifiedDSHW","subs.14","period 4",398.21838545799
"ModifiedDSHW","subs.19","period 3",117.56902980804
"ModifiedDSHW","subs.20","period 2",161.94647288322
"ModifiedDSHW","subs.10","period 4",180.746677637
"ModifiedDSHW","subs.9","period 4",379.82664299011
"ModifiedDSHW","subs.20","period 3",78.445107221603
"ModifiedDSHW","subs.19","period 4",92.928577661514
"ModifiedDSHW","subs.17","period 1",86.705312728881
"ModifiedDSHW","subs.18","period 1",101.2546277046
"ModifiedDSHW","subs.17","period 2",85.683047294616
"ModifiedDSHW","subs.18","period 2",135.3583195209
"ModifiedDSHW","subs.20","period 4",219.59548878669
"ModifiedDSHW","subs.17","period 3",87.844906806945
"ModifiedDSHW","subs.18","period 3",81.262310028076
"ModifiedDSHW","subs.17","period 4",79.361604452133
"ModifiedDSHW","subs.18","period 4",80.513097047805
"semiParametric","subs.7","period 1",61.751486063003
"semiParametric","subs.6","period 1",76.529539108276
"semiParametric","subs.1","period 1",89.959785223007
"semiParametric","subs.3","period 1",118.36379027366
"semiParametric","subs.5","period 1",127.50984430313
"semiParametric","subs.8","period 1",133.38283491134
"semiParametric","subs.7","period 2",86.589681386947
"semiParametric","subs.6","period 2",85.357833385467
"semiParametric","subs.4","period 1",163.27260255813
"semiParametric","subs.2","period 1",189.31041407585
"semiParametric","subs.1","period 2",105.86500024795
"semiParametric","subs.5","period 2",96.719636678695
"semiParametric","subs.7","period 3",78.887859821319
"semiParametric","subs.3","period 2",154.49652934074
"semiParametric","subs.2","period 2",83.900020360946
"semiParametric","subs.6","period 3",111.74300289154
"semiParametric","subs.5","period 3",81.947000026702
"semiParametric","subs.4","period 2",146.38466572761
"semiParametric","subs.8","period 2",179.29195618629
"semiParametric","subs.7","period 4",96.904381990432
"semiParametric","subs.6","period 4",84.5191438198
"semiParametric","subs.1","period 3",172.19298887252
"semiParametric","subs.2","period 3",101.45811510086
"semiParametric","subs.3","period 3",120.04208803176
"semiParametric","subs.8","period 3",86.855051517486
"semiParametric","subs.4","period 3",91.654294490814
"semiParametric","subs.15","period 1",86.511687755584
"semiParametric","subs.14","period 1",86.96172261238
"semiParametric","subs.5","period 4",145.46959590911
"semiParametric","subs.2","period 4",89.125925302505
"semiParametric","subs.15","period 2",72.739497900009
"semiParametric","subs.8","period 4",92.148982286453
"semiParametric","subs.4","period 4",116.14646697044
"semiParametric","subs.14","period 2",73.936294317245
"semiParametric","subs.3","period 4",134.72304868698
"semiParametric","subs.13","period 1",77.77049255371
"semiParametric","subs.10","period 1",85.060868740081
"semiParametric","subs.16","period 1",80.193787336349
"semiParametric","subs.15","period 3",120.84526371955
"semiParametric","subs.12","period 1",98.02834582328
"semiParametric","subs.14","period 3",98.587157726287
"semiParametric","subs.13","period 2",93.785077810287
"semiParametric","subs.10","period 2",76.7740130424
"semiParametric","subs.1","period 4",265.26540803909
"semiParametric","subs.15","period 4",82.743028879165
"semiParametric","subs.11","period 1",171.24829483032
"semiParametric","subs.10","period 3",76.960995435714
"semiParametric","subs.9","period 1",71.740014791488
"semiParametric","subs.14","period 4",114.37349987
"semiParametric","subs.16","period 2",170.10426187515
"semiParametric","subs.11","period 2",59.763009786605
"semiParametric","subs.12","period 2",145.6820852756
"semiParametric","subs.13","period 3",162.6345374584
"semiParametric","subs.9","period 2",86.503449916839
"semiParametric","subs.16","period 3",78.60811519622
"semiParametric","subs.12","period 3",59.476769924163
"semiParametric","subs.10","period 4",123.60956144332
"semiParametric","subs.11","period 3",79.79173707962
"semiParametric","subs.13","period 4",62.548565626144
"semiParametric","subs.12","period 4",56.844456195831
"semiParametric","subs.18","period 1",79.129760980606
"semiParametric","subs.11","period 4",73.158365964889
"semiParametric","subs.16","period 4",94.307639122009
"semiParametric","subs.9","period 3",124.94772458076
"semiParametric","subs.18","period 2",46.984724283218
"semiParametric","subs.19","period 1",60.137644529342
"semiParametric","subs.20","period 1",98.169903039932
"semiParametric","subs.9","period 4",91.385525465011
"semiParametric","subs.18","period 3",74.162291526794
"semiParametric","subs.20","period 2",53.67423582077
"semiParametric","subs.19","period 2",60.928071022033
"semiParametric","subs.17","period 1",41.011096477508
"semiParametric","subs.20","period 3",51.701707363128
"semiParametric","subs.18","period 4",70.358851909637
"semiParametric","subs.17","period 2",50.569831132888
"semiParametric","subs.19","period 3",82.534918308258
"semiParametric","subs.20","period 4",54.92788052558
"semiParametric","subs.17","period 3",88.689894676208
"semiParametric","subs.19","period 4",85.246995210647
"semiParametric","subs.17","period 4",113.81348276138
"TBATS","subs.5","period 1",65.351763248443
"TBATS","subs.7","period 1",76.893324375152
"TBATS","subs.6","period 1",77.44320321083
"TBATS","subs.4","period 1",78.360563516616
"TBATS","subs.3","period 1",91.668415307998
"TBATS","subs.1","period 1",92.237793922424
"TBATS","subs.5","period 2",54.973780155181
"TBATS","subs.6","period 2",51.66091632843
"TBATS","subs.5","period 3",57.533586740493
"TBATS","subs.7","period 2",115.23199629783
"TBATS","subs.4","period 2",114.08149147033
"TBATS","subs.8","period 1",229.32716727256
"TBATS","subs.2","period 1",230.20794153213
"TBATS","subs.5","period 4",58.66150522232
"TBATS","subs.3","period 2",153.12418699264
"TBATS","subs.6","period 3",119.81079268455
"TBATS","subs.1","period 2",156.90638971328
"TBATS","subs.7","period 3",75.114908218383
"TBATS","subs.4","period 3",90.38601565361
"TBATS","subs.2","period 2",66.463764905929
"TBATS","subs.8","period 2",75.767484188079
"TBATS","subs.7","period 4",51.990524768829
"TBATS","subs.6","period 4",77.471298217773
"TBATS","subs.13","period 1",119.71367359161
"TBATS","subs.14","period 1",40.262704133987
"TBATS","subs.15","period 1",66.809267759323
"TBATS","subs.1","period 3",138.86965203285
"TBATS","subs.2","period 3",94.045935630798
"TBATS","subs.3","period 3",158.98028898239
"TBATS","subs.4","period 4",122.01967024803
"TBATS","subs.8","period 3",100.98852872848
"TBATS","subs.13","period 2",85.986746311187
"TBATS","subs.8","period 4",36.5252580642
"TBATS","subs.14","period 2",77.678483486175
"TBATS","subs.15","period 2",64.127948522567
"TBATS","subs.12","period 1",84.845055580139
"TBATS","subs.3","period 4",92.208119630813
"TBATS","subs.16","period 1",57.788075208663
"TBATS","subs.2","period 4",113.33515548706
"TBATS","subs.15","period 3",56.61861538887
"TBATS","subs.13","period 3",96.4938352108
"TBATS","subs.10","period 1",53.020050048828
"TBATS","subs.14","period 3",120.7264342308
"TBATS","subs.12","period 2",91.704768657684
"TBATS","subs.16","period 2",82.08428740501
"TBATS","subs.11","period 1",87.463631868362
"TBATS","subs.1","period 4",206.22054052352
"TBATS","subs.15","period 4",91.210608720779
"TBATS","subs.14","period 4",52.04325556755
"TBATS","subs.13","period 4",82.0879676342
"TBATS","subs.11","period 2",42.028502464294
"TBATS","subs.16","period 3",54.768592119216
"TBATS","subs.12","period 3",68.608600378036
"TBATS","subs.10","period 2",97.288105249404
"TBATS","subs.11","period 3",53.350288629531
"TBATS","subs.9","period 1",90.712536096572
"TBATS","subs.11","period 4",40.33325600624
"TBATS","subs.12","period 4",74.3562221527
"TBATS","subs.9","period 2",57.906684398651
"TBATS","subs.16","period 4",105.99423360824
"TBATS","subs.10","period 3",89.70239830017
"TBATS","subs.19","period 1",43.716153621673
"TBATS","subs.10","period 4",38.433205842971
"TBATS","subs.9","period 3",46.053941011428
"TBATS","subs.19","period 2",49.603646278381
"TBATS","subs.20","period 1",90.858075380325
"TBATS","subs.18","period 1",34.818659782409
"TBATS","subs.9","period 4",47.262919425964
"TBATS","subs.19","period 3",63.769219636917
"TBATS","subs.18","period 2",74.11615657806
"TBATS","subs.17","period 1",58.391158342361
"TBATS","subs.20","period 2",98.64343857765
"TBATS","subs.17","period 2",49.84865617752
"TBATS","subs.19","period 4",69.759136199951
"TBATS","subs.18","period 3",64.743986845016
"TBATS","subs.20","period 3",47.258618593215
"TBATS","subs.17","period 3",38.116163015365
"TBATS","subs.20","period 4",42.208400249481
"TBATS","subs.18","period 4",65.29950165748
"TBATS","subs.17","period 4",55.415010929107
"randomforest","subs.1","period 1",1023.59501266477
"randomforest","subs.1","period 2",1160.42307853697
"randomforest","subs.1","period 3",1234.48031616205
"randomforest","subs.1","period 4",1297.38846969603
"randomforest","subs.10","period 1",1015.15481758115
"randomforest","subs.10","period 2",1167.34011650084
"randomforest","subs.10","period 3",1218.30966182522
"randomforest","subs.10","period 4",1330.51622772213
"randomforest","subs.11","period 1",991.083963394133
"randomforest","subs.11","period 2",1135.46529960631
"randomforest","subs.11","period 3",1193.79156684872
"randomforest","subs.11","period 4",1287.23295783995
"randomforest","subs.12","period 1",950.011407852161
"randomforest","subs.12","period 2",1105.51707458489
"randomforest","subs.12","period 3",1180.64805221555
"randomforest","subs.12","period 4",1275.25441932676
"randomforest","subs.13","period 1",961.577669143663
"randomforest","subs.13","period 2",1091.84033966059
"randomforest","subs.13","period 3",1159.78811836241
"randomforest","subs.13","period 4",1262.52995300284
"randomforest","subs.14","period 1",976.882835388168
"randomforest","subs.14","period 2",1128.80311202998
"randomforest","subs.14","period 3",1175.85764312737
"randomforest","subs.14","period 4",1283.5499439239
"randomforest","subs.15","period 1",1037.43164634701
"randomforest","subs.15","period 2",1172.77416038506
"randomforest","subs.15","period 3",1221.28225326536
"randomforest","subs.15","period 4",1333.91059494017
"randomforest","subs.16","period 1",1010.06438446035
"randomforest","subs.16","period 2",1170.78911781302
"randomforest","subs.16","period 3",1216.88574409484
"randomforest","subs.16","period 4",1328.80657768247
"randomforest","subs.17","period 1",1003.1846256256
"randomforest","subs.17","period 2",1175.3271179199
"randomforest","subs.17","period 3",1226.76581573484
"randomforest","subs.17","period 4",1335.61059761046
"randomforest","subs.18","period 1",976.184387206854
"randomforest","subs.18","period 2",1119.10479736327
"randomforest","subs.18","period 3",1170.35961914061
"randomforest","subs.18","period 4",1267.70328521727
"randomforest","subs.19","period 1",1027.19131469725
"randomforest","subs.19","period 2",1192.34523582456
"randomforest","subs.19","period 3",1263.03660964963
"randomforest","subs.19","period 4",1360.84939384459
"randomforest","subs.2","period 1",994.427059173565
"randomforest","subs.2","period 2",1193.22388076781
"randomforest","subs.2","period 3",1278.27705383299
"randomforest","subs.2","period 4",1362.66340637206
"randomforest","subs.20","period 1",947.998878478993
"randomforest","subs.20","period 2",1121.5377178192
"randomforest","subs.20","period 3",1168.02366638182
"randomforest","subs.20","period 4",1275.75193977355
"randomforest","subs.3","period 1",983.158172607322
"randomforest","subs.3","period 2",1140.65204048155
"randomforest","subs.3","period 3",1223.67832946775
"randomforest","subs.3","period 4",1296.53967666625
"randomforest","subs.4","period 1",996.968284606917
"randomforest","subs.4","period 2",1165.05833244322
"randomforest","subs.4","period 3",1237.35971832268
"randomforest","subs.4","period 4",1312.91707229613
"randomforest","subs.5","period 1",982.249876022315
"randomforest","subs.5","period 2",1146.73839759826
"randomforest","subs.5","period 3",1214.44805908202
"randomforest","subs.5","period 4",1299.65381431578
"randomforest","subs.6","period 1",956.779109954811
"randomforest","subs.6","period 2",1129.0260696411
"randomforest","subs.6","period 3",1199.07413101194
"randomforest","subs.6","period 4",1269.6144428253
"randomforest","subs.7","period 1",969.414405822734
"randomforest","subs.7","period 2",1130.35544967649
"randomforest","subs.7","period 3",1201.75344657894
"randomforest","subs.7","period 4",1266.13595771788
"randomforest","subs.8","period 1",1008.22838973997
"randomforest","subs.8","period 2",1167.63872146599
"randomforest","subs.8","period 3",1223.58084678647
"randomforest","subs.8","period 4",1328.56694793698
"randomforest","subs.9","period 1",977.325298309238
"randomforest","subs.9","period 2",1111.39217567443
"randomforest","subs.9","period 3",1164.84789848326
"randomforest","subs.9","period 4",1264.57287979123
